{
  "providers": {
    "awscloudformation": {
      "AuthRoleName": "amplify-ibdcentre-devp-225227-authRole",
      "UnauthRoleArn": "arn:aws:iam::252341934707:role/amplify-ibdcentre-devp-225227-unauthRole",
      "AuthRoleArn": "arn:aws:iam::252341934707:role/amplify-ibdcentre-devp-225227-authRole",
      "Region": "ca-central-1",
      "DeploymentBucketName": "amplify-ibdcentre-devp-225227-deployment",
      "UnauthRoleName": "amplify-ibdcentre-devp-225227-unauthRole",
      "StackName": "amplify-ibdcentre-devp-225227",
      "StackId": "arn:aws:cloudformation:ca-central-1:252341934707:stack/amplify-ibdcentre-devp-225227/90ec41c0-adf4-11eb-b4bd-02d9e060143a",
      "AmplifyAppId": "d2lwj3m3i5ccf5"
    }
  },
  "auth": {
    "ibdcentre98a4cd1a": {
      "service": "Cognito",
      "providerPlugin": "awscloudformation",
      "dependsOn": [],
      "customAuth": false,
      "providerMetadata": {
        "s3TemplateURL": "https://s3.amazonaws.com/amplify-ibdcentre-devp-225227-deployment/amplify-cfn-templates/auth/ibdcentre98a4cd1a-cloudformation-template.yml",
        "logicalId": "authibdcentre98a4cd1a"
      },
      "lastPushTimeStamp": "2021-05-05T22:58:02.352Z",
      "output": {
        "UserPoolId": "ca-central-1_MhDESc2eW",
        "AppClientIDWeb": "1i36pdbbjauqk1ringfqu1sffi",
        "AppClientID": "4oor7kctj2jveiojtvbnssof4o",
        "IdentityPoolId": "ca-central-1:d016a250-13cf-4964-9353-8c8c31a11791",
        "IdentityPoolName": "ibdcentre98a4cd1a_identitypool_98a4cd1a__devp",
        "UserPoolName": "ibdcentre98a4cd1a_userpool_98a4cd1a"
      },
      "lastPushDirHash": "I5k5UWq3Auv+/VTaB/cUl21MlbQ="
    }
  },
  "storage": {
    "s3df06e70a": {
      "service": "S3",
      "providerPlugin": "awscloudformation",
      "providerMetadata": {
        "s3TemplateURL": "https://s3.amazonaws.com/amplify-ibdcentre-devp-225227-deployment/amplify-cfn-templates/storage/s3-cloudformation-template.json",
        "logicalId": "storages3df06e70a"
      },
      "lastPushTimeStamp": "2021-05-05T22:58:02.352Z",
      "output": {
        "BucketName": "ibdcentreb3cbdd9c0c2a495498c88bf5c73a4aea225227-devp",
        "Region": "ca-central-1"
      },
      "lastPushDirHash": "YwJP7rzLrMVVackBUy+pb2Czlg4="
    }
  },
  "api": {
    "ibdcentre": {
      "service": "AppSync",
      "providerPlugin": "awscloudformation",
      "output": {
        "authConfig": {
          "defaultAuthentication": {
            "authenticationType": "AMAZON_COGNITO_USER_POOLS",
            "userPoolConfig": {
              "userPoolId": "authibdcentre98a4cd1a"
            }
          },
          "additionalAuthenticationProviders": [
            {
              "authenticationType": "AWS_IAM"
            }
          ]
        },
        "GraphQLAPIIdOutput": "oxoavb4owvgxroib2b44eqkjdm",
        "GraphQLAPIEndpointOutput": "https://3al5w55ep5ef5ow6nhaku4ln2i.appsync-api.ca-central-1.amazonaws.com/graphql"
      },
      "providerMetadata": {
        "s3TemplateURL": "https://s3.amazonaws.com/amplify-ibdcentre-devp-225227-deployment/amplify-cfn-templates/api/cloudformation-template.json",
        "logicalId": "apiibdcentre"
      },
      "lastPushTimeStamp": "2021-05-05T22:58:02.352Z",
      "lastPushDirHash": "d+jyFh5JnHJsPLuIn0PQZvNB+N0="
    }
  }
}