{
  "auth": {
    "ibdcentre98a4cd1a": {
      "service": "Cognito",
      "providerPlugin": "awscloudformation",
      "dependsOn": [],
      "customAuth": false
    }
  },
  "storage": {
    "s3df06e70a": {
      "service": "S3",
      "providerPlugin": "awscloudformation"
    }
  },
  "api": {
    "ibdcentre": {
      "service": "AppSync",
      "providerPlugin": "awscloudformation",
      "output": {
        "authConfig": {
          "defaultAuthentication": {
            "authenticationType": "AMAZON_COGNITO_USER_POOLS",
            "userPoolConfig": {
              "userPoolId": "authibdcentre98a4cd1a"
            }
          },
          "additionalAuthenticationProviders": [
            {
              "authenticationType": "AWS_IAM"
            }
          ]
        }
      }
    }
  }
}